{
  "train_loss": [
    0.6602370815399365,
    0.586040660356864,
    0.5016316970189413,
    0.41209149742737794,
    0.3286614830677326,
    0.2553183837578847,
    0.19747497408817977,
    0.1558185311464163,
    0.12402147360337086,
    0.10076263871712562,
    0.08375431463504449,
    0.07116606716926281,
    0.06077353856884516,
    0.05381799097626637,
    0.047855543020444036,
    0.04237197855344185,
    0.038439309367766746,
    0.03458522795102535,
    0.031574021881589524,
    0.029301380929656517
  ],
  "train_acc": [
    73.79324420859271,
    77.4772936013879,
    82.02877844678028,
    88.94785182161445,
    93.4891315440351,
    95.97918154913766,
    97.34666802734974,
    98.07123175834269,
    98.41820593938156,
    98.6529237677314,
    98.9386672109399,
    99.05092356362894,
    99.20400040820492,
    99.28564139197877,
    99.33666700683743,
    99.41830799061128,
    99.47953872844168,
    99.54076946627207,
    99.60200020410245,
    99.59179508113073
  ],
  "val_loss": [
    0.7578951441324674,
    0.8199255328912002,
    0.8664147211955144,
    0.8741996976045462,
    0.8419621403400714,
    0.783353003171774,
    0.7190709572571975,
    0.6555447349181542,
    0.5967227014211508,
    0.5469218538357661,
    0.500584446466886,
    0.462128616296328,
    0.42080357670783997,
    0.39191557237735164,
    0.36292900145053864,
    0.33750035212590146,
    0.3154062835069803,
    0.2961129741026805,
    0.2741605662382566,
    0.26437269380459416
  ],
  "val_acc": [
    0.03225806451612903,
    0.3870967741935484,
    4.806451612903226,
    16.548387096774196,
    31.903225806451612,
    44.54838709677419,
    54.774193548387096,
    62.41935483870967,
    68.3225806451613,
    72.58064516129032,
    76.38709677419355,
    79.61290322580645,
    82.3225806451613,
    84.29032258064517,
    85.90322580645162,
    87.38709677419355,
    88.64516129032258,
    89.61290322580645,
    90.93548387096774,
    91.3225806451613
  ],
  "val_auc": [
    NaN,
    NaN,
    NaN,
    NaN,
    NaN,
    NaN,
    NaN,
    NaN,
    NaN,
    NaN,
    NaN,
    NaN,
    NaN,
    NaN,
    NaN,
    NaN,
    NaN,
    NaN,
    NaN,
    NaN
  ],
  "val_ap": [
    0.0,
    0.0,
    0.0,
    0.0,
    0.0,
    0.0,
    0.0,
    0.0,
    0.0,
    0.0,
    0.0,
    0.0,
    0.0,
    0.0,
    0.0,
    0.0,
    0.0,
    0.0,
    0.0,
    0.0
  ],
  "learning_rates": [
    0.0001,
    0.0001,
    0.0001,
    0.0001,
    0.0001,
    0.0001,
    0.0001,
    0.0001,
    0.0001,
    0.0001,
    0.0001,
    0.0001,
    0.0001,
    0.0001,
    0.0001,
    0.0001,
    0.0001,
    0.0001,
    0.0001,
    0.0001
  ]
}